{
    "type": "GAME",
    "uuid": "396c3a15-6329-45c0-ba55-11beb5c2210e",
	"defaultValue": 0.0,
	"minValue": 0.0,
	"maxValue": 2147483647.0,
	"translationKey": "attribute.name.playerex.constitution",
    "properties": {
        "weight": 0.8,
        "minroll": 1.0,
        "maxroll": 10.0
    },
	"functions": [
        {
            "attribute": "minecraft:generic.max_health",
            "type": "FLAT",
            "multiplier": 1.0
        },
        {
            "attribute": "minecraft:generic.knockback_resistance",
            "type": "DIMINISHING",
            "multiplier": 0.01
        },
        {
            "attribute": "playerex:magic_resistance",
            "type": "DIMINISHING",
            "multiplier": 0.01
        }
    ]
}