{
    "type": "GAME",
    "uuid": "ec5fac1d-28f7-42e2-9f3e-9625adf4f23b",
	"defaultValue": 0.0,
	"minValue": 0.0,
	"maxValue": 2147483647.0,
	"translationKey": "attribute.name.playerex.strength",
    "properties": {
        "weight": 0.8,
        "minroll": 1.0,
        "maxroll": 10.0
    },
	"functions": [
        {
            "attribute": "playerex:health_regeneration",
            "type": "FLAT",
            "multiplier": 0.0005
        },
        {
            "attribute": "minecraft:generic.attack_damage",
            "type": "FLAT",
            "multiplier": 0.25
        },
        {
            "attribute": "minecraft:generic.armor",
            "type": "DIMINISHING",
            "multiplier": 0.25
        },
        {
            "attribute": "playerex:drowning_resistance",
            "type": "DIMINISHING",
            "multiplier": 0.01
        }
    ]
}